"propriétaire","lien","propriété"
"BELL MÉDIA INC.",100,"Noovo"
"BELL MÉDIA INC.",100,"CTV"
"CTV",100,"CFCF (Montréal)"
"BELL MÉDIA INC.",100,"Rouge FM"
"Rouge FM",100,"CFIX-FM (Rouge Saguenay)"
"Rouge FM",100,"CHEY-FM (Rouge Mauricie)"
"Rouge FM",100,"CIMF-FM (Rouge Gatineau-Ottawa)"
"Rouge FM",100,"CITE-FM (Rouge Montréal)"
"Rouge FM",100,"CITE-FM-1 (Rouge Estrie)"
"BELL MÉDIA INC.",100,"Énergie"
"Énergie",100,"CHIK-FM (Énergie Québec)"
"Énergie",100,"CIGB-FM (Énergie Mauricie)"
"Énergie",100,"CIMO-FM (Énergie Estrie)"
"Énergie",100,"CJAB-FM (Énergie Saguenay)"
"Énergie",100,"CJMM-FM (Énergie Rouyn)"
"Énergie",100,"CJMV-FM (Énergie Val-d’Or)"
"Énergie",100,"CKMF-FM (Énergie Montréal)"
"Énergie",100,"CKTF-FM (Énergie Gatineau-Ottawa)"
"BELL MÉDIA INC.",100,"CHOM-FM (Montréal)"
"BELL MÉDIA INC.",100,"CJAD-AM (Montréal)"
"BELL MÉDIA INC.",100,"CJFM (Virgin Radio)"
"BELL MÉDIA INC.",100,"Bell Media Regional Radio Partnership"
"Bell Media Regional Radio Partnership",100,"CKGM-AM (TSN Montreal)"
"Bell Canada",100,"BELL MÉDIA INC."
"BCE Inc.","94,1","Bell Canada"
"Bell MTS Inc.","5,9","Bell Canada"
"BCE Inc.",100,"Bell MTS Inc."
"SOCIÉTÉ RADIO-CANADA",100,"CBC Television (1 station)"
"SOCIÉTÉ RADIO-CANADA",100,"Ici Radio-Canada Télé (7 stations)"
"SOCIÉTÉ RADIO-CANADA",100,"CBC Radio One (3 stations)"
"SOCIÉTÉ RADIO-CANADA",100,"Ici Radio-Canada Première (9 stations)"
"SOCIÉTÉ RADIO-CANADA",100,"Ici Musique (6 stations)"
"SOCIÉTÉ RADIO-CANADA",100,"CBC Music (1 station)"
"SOCIÉTÉ RADIO-CANADA",100,"Ici RDI"
"POSTMEDIA NETWORK INC.",100,"The Gazette"
"Alta Newspaper Group Limited Partnership",100,"SHERBROOKE RECORD LTD."
"SHERBROOKE RECORD LTD.",100,"Sherbrooke Record"
"Rogers Communications Inc.",100,"ROGERS MEDIA INC."
"ROGERS MEDIA INC.",100,"CityNews (1 station de télévision)"
"Rogers Communications Inc.",100,"Rogers Communications Canada Inc."
"HOLDING CTV SPÉCIALISÉ SPORTS INC.",100,"LE RÉSEAU DES SPORTS (RDS) INC."
"BELL MÉDIA INC.",100,"3578704 Canada Inc."
"ESPN",100,"3167488 Canada Inc"
"BELL MÉDIA INC.",100,"Crave"
"CTV Specialty Television Enterprises Inc",100,"HOLDING CTV SPÉCIALISÉ SPORTS INC."
"3167488 Canada Inc",20,"Télévision spécialisée CTV Inc."
"Télévision spécialisée CTV Inc.",100,"CTV Specialty Television Enterprises Inc"
"3578704 Canada Inc.",80,"Télévision spécialisée CTV Inc."
"HOLDING CTV SPÉCIALISÉ SPORTS INC.",100,"The Sports Network Inc."
"LE RÉSEAU DES SPORTS (RDS) INC.",100,"RDS"
"LE RÉSEAU DES SPORTS (RDS) INC.",100,"RDS Info"
"Noovo",100,"CFAP (Québec)"
"Noovo",100,"CFJP (Montréal)"
"Noovo",100,"CFKM (Trois-Rivières)"
"Noovo",100,"CFKS (Sherbrooke)"
"Noovo",100,"CFRS (Saguenay)"
"COOPÉRATIVE NATIONALE DE L'INFORMATION INDÉPENDANTE, COOP DE SOLIDARITÉ",100,"Le Soleil"
"COOPÉRATIVE NATIONALE DE L'INFORMATION INDÉPENDANTE, COOP DE SOLIDARITÉ",100,"Le Nouvelliste"
"COOPÉRATIVE NATIONALE DE L'INFORMATION INDÉPENDANTE, COOP DE SOLIDARITÉ",100,"Le Droit"
"COOPÉRATIVE NATIONALE DE L'INFORMATION INDÉPENDANTE, COOP DE SOLIDARITÉ",100,"La Tribune"
"COOPÉRATIVE NATIONALE DE L'INFORMATION INDÉPENDANTE, COOP DE SOLIDARITÉ",100,"La Voix de l’Est"
"COOPÉRATIVE NATIONALE DE L'INFORMATION INDÉPENDANTE, COOP DE SOLIDARITÉ",100,"Le Quotidien"
"COOPÉRATIVE NATIONALE DE L'INFORMATION INDÉPENDANTE, COOP DE SOLIDARITÉ",100,"Les As de l’info"
"Québecor Média Inc.","99,97","GROUPE TVA INC."
"Québecor Inc.",100,"Québecor Média Inc."
"Les Placements Péladeau Inc.","Majoritaire","Québecor Inc."
"Pierre Karl Péladeau","Majoritaire","Les Placements Péladeau Inc."
"GROUPE TVA INC.",100,"TVA (6 stations de télévision)"
"GROUPE TVA INC.",100,"LCN"
"NumériQ inc.",100,"QUB radio"
"GROUPE TVA INC.",100,"TVA Sports"
"Québecor Média Inc.",100,"NumériQ inc."
"NumériQ inc.",100,"Agence QMI"
"NumériQ inc.",100,"24 heures"
"Québecor Média Inc.",100,"MédiaQMI inc."
"MédiaQMI inc.",100,"Le Journal de Montréal"
"MédiaQMI inc.",100,"Le Journal de Québec"
"Fiducie de soutien à La Presse","Non majoritaire","LA PRESSE INC."
"FIDUCIE LE DEVOIR","Majoritaire","LE DEVOIR INC."
"Fonds de solidarité des travailleurs du Québec","Non majoritaire","LE DEVOIR INC."
"Fédération des caisses Desjardins du Québec","Non majoritaire","LE DEVOIR INC."
"Gestion Chamarin inc.","Non majoritaire","ICIMÉDIAS INC."
"Gestion Ulysse et Pénélope inc.","Non majoritaire","ICIMÉDIAS INC."
"9087-9214 QUÉBEC INC.","Non majoritaire","ICIMÉDIAS INC."
"ICIMÉDIAS INC.",100,"Le Canada français"
"ICIMÉDIAS INC.",100,"L’Écho de Frontenac"
"ICIMÉDIAS INC.",100,"L'Hebdo Mékinac/des Chenaux"
"ICIMÉDIAS INC.",100,"Beauce Média"
"ICIMÉDIAS INC.",100,"Courrier Frontenac"
"ICIMÉDIAS INC.",100,"L’Avenir de l’Érable"
"ICIMÉDIAS INC.",100,"La Nouvelle Union"
"ICIMÉDIAS INC.",100,"L’Éclaireur Progrès"
"ICIMÉDIAS INC.",100,"La Voix du Sud"
"ICIMÉDIAS INC.",100,"L’Avenir et des Rivières"
"ICIMÉDIAS INC.",100,"Granby Express"
"ICIMÉDIAS INC.",100,"Le Guide"
"ICIMÉDIAS INC.",100,"Le Progrès de Coaticook"
"ICIMÉDIAS INC.",100,"Sherbrooke.info"
"ICIMÉDIAS INC.",100,"Le Reflet du Lac"
"ICIMÉDIAS INC.",100,"Le Courrier Sud"
"ICIMÉDIAS INC.",100,"L’Écho de Maskinongé"
"ICIMÉDIAS INC.",100,"L’Hebdo du St-Maurice"
"ICIMÉDIAS INC.",100,"L’Écho La Tuque / Haut St-Maurice"
"ICIMÉDIAS INC.",100,"L’Hebdo Journal"
"ICIMÉDIAS INC.",100,"Coup d’œil"
"ICIMÉDIAS INC.",100,"Le Richelieu"
"INVESTMAT INC.","Non majoritaire","Gestion Chamarin inc."
"9162-2803 QUÉBEC INC.","Non majoritaire","Gestion Chamarin inc."
"Mathio Pellerin",100,"INVESTMAT INC."
"Charles Pellerin",100,"9162-2803 QUÉBEC INC."
"Renel Bouchard",100,"Gestion Ulysse et Pénélope inc."
"Stéphane Legrand",100,"9087-9214 QUÉBEC INC."
"COGECO INC.",100,"COGECO MÉDIA ACQUISITIONS INC."
"COGECO MÉDIA ACQUISITIONS INC.",100,"COGECO MÉDIA INC."
"COGECO MÉDIA INC.",100,"Planète"
"COGECO MÉDIA INC.",100,"Rythme"
"GESTION AUDEM INC.","Majoritaire","COGECO INC."
"Louis Audet","Majoritaire","GESTION AUDEM INC."
"THOMSON REUTERS CANADA LIMITÉE","Majoritaire","REUTERS CANADA LIMITÉE"
"3276838 Nova Scotia Company","Majoritaire","THOMSON REUTERS CANADA LIMITÉE"
"Thomson Reuters Corporation","Majoritaire","3276838 Nova Scotia Company"
"MÉDIALO INC.",100,"L’Action"
"MÉDIALO INC.",100,"L’Action d’Autray"
"MÉDIALO INC.",100,"Hebdo Rive-Nord"
"MÉDIALO INC.",100,"La Revue"
"MÉDIALO INC.",100,"L’Info du Nord Sainte-Agathe"
"MÉDIALO INC.",100,"L’Info du Nord Mont-Tremblant"
"MÉDIALO INC.",100,"L'Info du Nord Mont-Laurier"
"Nordy",100,"Accès"
"MÉDIALO INC.",100,"L’Info du Nord Vallée de la Rouge"
"Groupe Investco Inc","Majoritaire","MÉDIALO INC."
"Gestion Phisa Inc.","Non majoritaire","Groupe Investco Inc"
"Gestion Celaz Inc.","Non majoritaire","Groupe Investco Inc"
"Frédéric Couture","Non majoritaire","Groupe Investco Inc"
"André Normandin","Majoritaire","Gestion Phisa Inc."
"Frédéric Couture","Majoritaire","Gestion Celaz Inc."
"Philippe Lamarre","Majoritaire","URBANIA MÉDIA INC."
"Raphaëlle Huysmans","Non majoritaire","URBANIA MÉDIA INC."
"Sylvain Lumbroso","Non majoritaire","URBANIA MÉDIA INC."
"URBANIA MÉDIA INC.",100,"Urbania"
"URBANIA MÉDIA INC.",100,"Urbania France"
"URBANIA MÉDIA INC.",100,"Quatre,95"
"URBANIA MÉDIA INC.",100,"dehors"
"COGECO INC.","6,73","La Chaîne d'affaires publiques par câble inc."
"Rogers Communications Inc.","66,75","La Chaîne d'affaires publiques par câble inc."
"Vidéotron ltée","21,81","La Chaîne d'affaires publiques par câble inc."
"Québecor Média Inc.",100,"Vidéotron ltée"
"GROUPE RADIO NORD INC.",100,"RNC MÉDIA INC."
"8679401 Canada Inc.","0,04","GROUPE RADIO NORD INC."
"Fiducie familiale Brosseau 2014","0,11","GROUPE RADIO NORD INC."
"3556093 Canada Inc.","49,84","GROUPE RADIO NORD INC."
"Gestion PRB Inc.","50,1","GROUPE RADIO NORD INC."
"Pierre R. Brosseau",100,"Gestion PRB Inc."
"Jean-Yves Gourd",100,"3556093 Canada Inc."
"Jean-Yves Gourd","90,91","8679401 Canada Inc."
"Famille Gourd","9,09","8679401 Canada Inc."
"RNC MÉDIA INC.",100,"CFEM (TVA Abitibi)"
"RNC MÉDIA INC.",100,"CFGS (Noovo Gatineau)"
"RNC MÉDIA INC.",100,"CFVS (Noovo Abitibi)"
"RNC MÉDIA INC.",100,"CHOT (TVA Gatineau)"
"BPM Sports",100,"CFTX-FM (BPM Sports Gatineau)"
"RNC MÉDIA INC.",100,"CHLX-FM (Rythme FM Gatineau)"
"RNC MÉDIA INC.",100,"CHOI-FM (RadioX Québec)"
"BPM Sports",100,"CHXX-FM (BPM Sports Québec)"
"BPM Sports",100,"CKLX-FM (BPM Sports Montréal)"
"RNC MÉDIA INC.",100,"BPM Sports"
"RNC MÉDIA INC.","17,91","Radio Témiscamingue Inc."
"Radio Témiscamingue Inc.",100,"CKVM-FM (La Voix du Témiscamingue)"
"Louis-Jasmin Picard","Non majoritaire","10320633 CANADA INC. (Gravité Media)"
"Francis Picard","Non majoritaire","10320633 CANADA INC. (Gravité Media)"
"Gestion Julie Voyer Inc.","Non majoritaire","10320633 CANADA INC. (Gravité Media)"
"Julie Voyer",100,"Gestion Julie Voyer Inc."
"10320633 CANADA INC. (Gravité Media)",100,"Le Courrier du Sud"
"10320633 CANADA INC. (Gravité Media)",100,"Le Reflet"
"10320633 CANADA INC. (Gravité Media)",100,"Le Soleil de Châteauguay"
"10320633 CANADA INC. (Gravité Media)",100,"Le Journal Saint-François"
"10320633 CANADA INC. (Gravité Media)",100,"L’Information d’affaires d’ici"
"10320633 CANADA INC. (Gravité Media)",100,"La Relève"
"Fonds de solidarité des travailleurs du Québec","commanditaire","FONDS XPNDCROISSANCE S.E.C."
"Investissement Québec","commanditaire","FONDS XPNDCROISSANCE S.E.C."
"CDP Investissements Inc.","commanditaire","FONDS XPNDCROISSANCE S.E.C."
"FONDS XPNDCROISSANCE S.E.C.","Majoritaire","Mishmash Media Inc."
"7807368 CANADA INC.","commanditaire","GESTION FONDS XPND S.E.C."
"GESTION FONDS XPND S.E.C.","commanditaire","FONDS XPNDCROISSANCE S.E.C."
"Alexandre Taillefer","Majoritaire","7807368 CANADA INC."
"Dominic Becotte","Non majoritaire","7807368 CANADA INC."
"GROUPE TVA INC.","44,66","TÉLÉ INTER-RIVES LTÉE"
"101885 CANADA LTÉE","55,34","TÉLÉ INTER-RIVES LTÉE"
"2324-6176 Québec Inc.",100,"101885 CANADA LTÉE"
"Marc Simard",100,"2324-6176 Québec Inc."
"Gestion DR (2001) Inc.","24,88","ARSENAL MEDIA INC."
"Sylvain Chamberland","75,12","ARSENAL MEDIA INC."
"Dany Renaud",100,"Gestion DR (2001) Inc."
"ARSENAL MEDIA INC.",100,"Viva"
"ARSENAL MEDIA INC.",100,"O"
"O",100,"CFJO-FM (Centre-du-Québec, Chaudière-Appalaches)"
"Viva",100,"CFDA-FM (Victoriaville)"
"O",100,"CFLM-FM (La Tuque)"
"O",100,"CFVD-FM (Témiscouata)"
"Hit Country",100,"CHCT-FM (Beauce)"
"O",100,"CHEQ-FM (Beauce)"
"O",100,"CHGO-FM (Abitibi-Témiscamingue)"
"Viva",100,"CHOA-FM (Abitibi)"
"O",100,"CHOE-FM (Matane)"
"Viva",100,"CHRM-FM (Matane)"
"O",100,"CIPC-FM (Sept-Îles, Port-Cartier)"
"O",100,"CJGO-FM (Abitibi-Témiscamingue)"
"Hit Country",100,"CJIT-FM (Lac-Mégantic)"
"ARSENAL MEDIA INC.",100,"Hit Country"
"O",100,"CJLM-FM (Lanaudière)"
"Viva",100,"CKCN-FM (Côte-Nord)"
"Hit Country",100,"CKGS-FM (Saguenay)"
"Viva",100,"CKCN-FM (Thetford Mines)"
"Hit Country",100,"CKYQ-FM (Centre-du-Québec)"
"ARSENAL MEDIA INC.",100,"XXXX-FM (Joliette)"
"O",100,"CFEI-FM (Saint-Hyacinthe)"
"Viva",100,"CKVM-FM (Amqui, Matapédia)"
"O",100,"CFZZ-FM (Saint-Jean-sur-Richelieu, Montérégie)"
"Viva",100,"CHRD-FM (Drummondville)"
"O",100,"CJDM-FM (Drummondville, Centre-du-Québec)"
"O",100,"CIKI-FM (Rimouski, Bas-Saint-Laurent)"
"Viva",100,"CJOI-FM (Rimouski)"
"COGECO MÉDIA ACQUISITIONS INC.",100,"CHMP-FM (98,5 Montréal)"
"COGECO MÉDIA ACQUISITIONS INC.",100,"CKAC-AM (Montréal)"
"COGECO MÉDIA ACQUISITIONS INC.",100,"CKBE-FM (The Beat, Montréal)"
"COGECO MÉDIA ACQUISITIONS INC.",100,"CKOI-FM (Montréal)"
"Rythme",100,"CFGE-FM (Montréal)"
"Rythme",100,"CFGL-FM (Laval)"
"Planète",100,"CFGT-FM (Alma)"
"Rythme",100,"CFOM-FM (Québec)"
"Planète",100,"CHRL-FM (Roberval)"
"Planète",100,"CHVD-FM (Dolbeau)"
"Rythme",100,"CILM-FM (Saguenay)"
"COGECO MÉDIA INC.",100,"CIME-FM (Saint-Jérôme)"
"Rythme",100,"CJEB-FM (Trois-Rivières)"
"COGECO MÉDIA INC.",100,"CJLA-FM (Lachute)"
"COGECO MÉDIA INC.",100,"CJMF-FM (FM93 Québec)"
"COGECO MÉDIA INC.",100,"CKOB-FM (109,3 Mauricie)"
"COGECO MÉDIA INC.",100,"CKOF-FM (104,7 Gatineau)"
"COGECO MÉDIA INC.",100,"CKOY-FM (107,7 Estrie)"
"Planète",100,"CKXO-FM (Chibougamau-Chapais)"
"COGECO MÉDIA INC.",100,"CKYK-FM (KYK Saguenay–Lac-Saint-Jean)"
"D B C COMMUNICATIONS INC.",100,"Le Courrier de Saint-Hyacinthe"
"D B C COMMUNICATIONS INC.",100,"Le Clairon"
"D B C COMMUNICATIONS INC.",100,"L’Œil régional"
"D B C COMMUNICATIONS INC.",100,"La Pensée de Bagot"
"D B C COMMUNICATIONS INC.",100,"Les 2 rives"
"D B C COMMUNICATIONS INC.",100,"GTA Gestion et technologie agricoles"
"PLACEMENTS D B C INC.",100,"D B C COMMUNICATIONS INC."
"Benoît Chartier","Majoritaire","PLACEMENTS D B C INC."
"GROUPE CONTEX INC.",100,"Les Affaires"
"GROUPE CONTEX INC.",100,"acquisitions.biz"
"Pierre Marcoux","Majoritaire","GROUPE CONTEX INC."
"Jean-Sébastien Haché","Non majoritaire","GROUPE CONTEX INC."
"ARSENAL MEDIA INC.",100,"11802607 CANADA INC."
"11802607 CANADA INC.",100,"MesRégions"
"MesRégions",100,"MaBeauce  "
"MesRégions",100,"MaCôte-Nord  "
"MesRégions",100,"MonJoliette  "
"MesRégions",100,"MonLaTuque  "
"MesRégions",100,"MonMatane  "
"MesRégions",100,"MonThetford  "
"MesRégions",100,"MonVicto  "
"MesRégions",100,"MonTémiscouata   "
"MesRégions",100,"MaGaspésie  "
"MesRégions",100,"MonBas-du-Fleuve "
"MesRégions",100,"MonDrummond"
"ACADEMIC JOURNALISM SOCIETY",100,"La Conversation (édition Canada français)"
"FONDS D'INVESTISSEMENT DRUMMONDVILLE INC.","Majoritaire","L'Express Drummondville inc."
"Dave Beaunoyer","Non majoritaire","L'Express Drummondville inc."
"Gestion Serge Le Roux Ltée","Non majoritaire","FONDS D'INVESTISSEMENT DRUMMONDVILLE INC."
"Groupe Laferté inc.","Non majoritaire","FONDS D'INVESTISSEMENT DRUMMONDVILLE INC."
"4232593 Canada inc.","Non majoritaire","FONDS D'INVESTISSEMENT DRUMMONDVILLE INC."
"Serge Le Roux","Majoritaire","Gestion Serge Le Roux Ltée"
"Louis-Jacques Laferté","Majoritaire","Groupe Laferté inc."
"Alain St-Jean","Majoritaire","4232593 Canada inc."
"Simon Rivest","Associés","Neomedias agence de marketing web S.E.N.C."
"Josiane Brousseau","Associés","Neomedias agence de marketing web S.E.N.C."
"Neomedias agence de marketing web S.E.N.C.",100,"GoRimouski"
"Neomedias agence de marketing web S.E.N.C.",100,"L’Écho de Trois-Rivières"
"Neomedias agence de marketing web S.E.N.C.",100,"L’Écho de la Rive-Nord"
"Neomedias agence de marketing web S.E.N.C.",100,"L’Écho de Laval"
"Neomedias agence de marketing web S.E.N.C.",100,"EnBeauce.com"
"Neomedias agence de marketing web S.E.N.C.",100,"Le Journal de Joliette"
"Neomedias agence de marketing web S.E.N.C.",100,"Chambly Express"
"Neomedias agence de marketing web S.E.N.C.",100,"Néomédia Vaudreuil-Soulanges"
"Neomedias agence de marketing web S.E.N.C.",100,"Néomédia Valleyfield"
"Neomedias agence de marketing web S.E.N.C.",100,"Vallée-du-Richelieu Express"
"Neomedias agence de marketing web S.E.N.C.",100,"Sorel-Tracy Express"
"Serge Langlois",100,"LES ÉDITIONS BLAINVILLE DEUX-MONTAGNES INC."
"Michel Langlois",100,"LES ÉDITIONS BLAINVILLE DEUX-MONTAGNES INC."
"Claude Langlois",100,"LES ÉDITIONS BLAINVILLE DEUX-MONTAGNES INC."
"LES ÉDITIONS BLAINVILLE DEUX-MONTAGNES INC.",100,"L’Éveil"
"LES ÉDITIONS BLAINVILLE DEUX-MONTAGNES INC.",100,"Infos Laurentides"
"LES ÉDITIONS BLAINVILLE DEUX-MONTAGNES INC.",100,"La Voix"
"LES ÉDITIONS BLAINVILLE DEUX-MONTAGNES INC.",100,"Nord Info"
"Trium Médias Inc.",100,"Le Lac-St-Jean"
"Trium Médias Inc.",100,"L’Étoile du Lac"
"Trium Médias Inc.",100,"Le Nouvelles Hebdo"
"Trium Médias Inc.",100,"Le Réveil"
"Stéphanie Gagnon",100,"Trium Médias Inc."
"Marlène Claveau",100,"Trium Médias Inc."
"MÉDIALO INC.",100,"9061-6632 QUÉBEC INC."
"9061-6632 QUÉBEC INC.",100,"Nordy"
"1302159 ONTARIO INC.","Non majoritaire","LA COMPAGNIE D'ÉDITION ANDRÉ PAQUETTE INC."
"1302160 ONTARIO INC.","Non majoritaire","LA COMPAGNIE D'ÉDITION ANDRÉ PAQUETTE INC."
"LA COMPAGNIE D'ÉDITION ANDRÉ PAQUETTE INC.",100,"L’Argenteuil"
"Olivier Martin","Majoritaire","9369-0055 Québec inc. (2M.Média)"
"9369-0055 Québec inc. (2M.Média)",100,"Courrier Laval"
"GESTION HEBDOS LTÉE",100,"LES ÉDITIONS INFO DIMANCHE INC."
"LES ÉDITIONS INFO DIMANCHE INC.",100,"Info Dimanche"
"Hugo Levasseur","Majoritaire","GESTION HEBDOS LTÉE"
"Caroline Levasseur","Non majoritaire","GESTION HEBDOS LTÉE"
"Martin Morissette","Non majoritaire","GESTION HEBDOS LTÉE"
"MÉDIALO INC.",100,"Journal Le Nord Inc."
"Journal Le Nord Inc.",100,"Le Nord"
"TÉLÉ INTER-RIVES LTÉE",100,"CHAU-TV COMMUNICATIONS LTÉE"
"CHAU-TV COMMUNICATIONS LTÉE",100,"CHAU (Carleton)"
"TÉLÉ INTER-RIVES LTÉE",100,"CKRT-TV LTÉE"
"COOP DE SOLIDARITÉ PIVOT",100,"Pivot"
"CKRT-TV LTÉE",100,"TÉLÉVISION MBS INC."
"TÉLÉVISION MBS INC.",100,"CFTF (Noovo Rivière-du-Loup)"
"TÉLÉ INTER-RIVES LTÉE",100,"CIMT (TVA Rivière-du-Loup)"
"4437594 CANADA INC.",100,"The Low Down to Hull and Back News"
"Nikki Mantell",100,"4437594 CANADA INC."
"9439-7460 Québec inc.",100,"Journal Le Soir"
"Louise Ringuet",100,"9439-7460 Québec inc."
"Martin Ayotte-Cummings",100,"9439-7460 Québec inc."
"LES VERSANTS DU MONT-BRUNO INC.",100,"Les Versants du Mont-Bruno"
"Philippe Clair",100,"LES VERSANTS DU MONT-BRUNO INC."
"LES VERSANTS DU MONT-BRUNO INC.",100,"Le Journal de Saint-Basile"
"LES VERSANTS DU MONT-BRUNO INC.",100,"Le Journal de Sainte-Julie"
"VÉLO QUÉBEC ÉDITIONS",100,"Vélo Mag"
"VÉLO QUÉBEC ÉDITIONS",100,"Québec Science"
"LE JOURNAL DE LÉVIS, COOPÉRATIVE DE SOLIDARITÉ",100,"Le Journal de Lévis"
"Jacques Leclerc","99,7","Leclerc communication inc."
"Jean-François Leclerc",100,"9405-9045 Québec Inc."
"Nicolas Leclerc",100,"9405-9052 Québec Inc."
"9405-9045 Québec Inc.","0,15","Leclerc communication inc."
"9405-9052 Québec Inc.","0,15","Leclerc communication inc."
"Leclerc communication inc.",100,"CFEL-FM (BLVD Québec)"
"Leclerc communication inc.",100,"CJEC-FM (WKND Québec)"
"Leclerc communication inc.",100,"CJPX-FM (Radio-Classique Montréal)"
"Karen Lachapelle",100,"LE REFLET TÉMISCAMIEN INC."
"LE REFLET TÉMISCAMIEN INC.",100,"Le Reflet Témiscamien"
"Journal de la Rue / Reflet de Société",100,"LE JOURNAL DE LA RUE"
"Journal de la Rue / Reflet de Société",100,"Maison Reflet de Société"
"LE JOURNAL DE LA RUE",100,"Le journal de la rue"
"Maison Reflet de Société",100,"Reflet de société"
"3091-2703 QUÉBEC INC. (Groupe Hom)",100,"Fugues"
"Yves Lafontaine",100,"3091-2703 QUÉBEC INC. (Groupe Hom)"
"Éric Perrier",100,"3091-2703 QUÉBEC INC. (Groupe Hom)"
"Marc Landreville",100,"3091-2703 QUÉBEC INC. (Groupe Hom)"
"BERA Communication Média inc.",100,"Est Média Montréal"
"André Bérubé",100,"BERA Communication Média inc."
"4517466 Canada inc.",100,"Ici Télévision"
"Mohammad Nowrouzzahrai",100,"4517466 Canada inc."
"Sam Nowrouzzahrai",100,"4517466 Canada inc."
"Parirokh Nowrouzzahrai",100,"4517466 Canada inc."
"Imprimerie Le Radar Inc.",100,"Le Radar"
"Les Équipements de l'Est inc.","Majoritaire","Imprimerie Le Radar Inc."
"Hugo Miousse","Non majoritaire","Imprimerie Le Radar Inc."
"Jean-Sébastien Deraspe",100,"Les Équipements de l'Est inc."
"9040-9681 QUÉBEC INC.",100,"Bulletin d’Aylmer"
"9040-9681 QUÉBEC INC.",100,"Bulletin de Gatineau"
"9040-9681 QUÉBEC INC.",100,"West Quebec Post"
"9040-9681 QUÉBEC INC.",100,"Journal du Pontiac"
"Lily Ryan","Non majoritaire","9040-9681 QUÉBEC INC."
"Sophie Ryan","Non majoritaire","9040-9681 QUÉBEC INC."
"JOURNAL LE CHARLEVOISIEN INC.",100,"Le Charlevoisien"
"GESTION BRISSON ET FILLES INC",100,"JOURNAL LE CHARLEVOISIEN INC."
"Simon Brisson","Majoritaire","GESTION BRISSON ET FILLES INC"
"GESTION BRISSON ET FILLES INC",100,"JOURNAL LA HAUTE CÔTE-NORD INC."
"GESTION BRISSON ET FILLES INC",100,"JOURNAL LE NORD-CÔTIER INC."
"GESTION BRISSON ET FILLES INC",100,"LES PUBLICATIONS GASPÉSIENNES INC."
"JOURNAL LA HAUTE CÔTE-NORD INC.",100,"La Haute-Côte-Nord"
"JOURNAL LE NORD-CÔTIER INC.",100,"Le Nord-Côtier"
"GESTION BRISSON ET FILLES INC",100,"Le Manic"
"LES PUBLICATIONS GASPÉSIENNES INC.",100,"Gaspésie Nouvelles"
"LES PUBLICATIONS GASPÉSIENNES INC.",100,"Chaleur Nouvelles"
"LES PUBLICATIONS GASPÉSIENNES INC.",100,"Le Pharillon"
"LES PUBLICATIONS GASPÉSIENNES INC.",100,"L’Écho de la Baie"
"LES PUBLICATIONS GASPÉSIENNES INC.",100,"La Voix Gaspésienne"
"LES PUBLICATIONS GASPÉSIENNES INC.",100,"L’Avant-Poste"
"Monquartier Média Inc.",100,"Monlimoilou"
"Monquartier Média Inc.",100,"Monsaintsauveur"
"Monquartier Média Inc.",100,"Monsaintroch"
"Monquartier Média Inc.",100,"Monmontcalm"
"Monquartier Média Inc.",100,"Monsaintjean"
"Monquartier Média Inc.",100,"Monvieuxquebec"
"Arnaud Bertrand",100,"Monquartier Média Inc."
"ESTRIEPLUS.COM INC.",100,"EstriePlus.com"
"Netrevolution Inc",100,"ESTRIEPLUS.COM INC."
"Transvision Réseau Inc.","Non majoritaire","Netrevolution Inc"
"Nicolas Rouleau","Non majoritaire","Netrevolution Inc"
"Daniel Rouleau","Non majoritaire","Netrevolution Inc"
"Nicolas Rouleau","Non majoritaire","Transvision Réseau Inc."
"Daniel Rouleau","Non majoritaire","Transvision Réseau Inc."
"Claude Frenette",100,"JOURNAL L'ÉTINCELLE INC."
"JOURNAL L'ÉTINCELLE INC.",100,"L’Étincelle"
"Nicolas Langelier","Majoritaire","9129-4470 QUÉBEC INC."
"9129-4470 QUÉBEC INC.",100,"ATELIER 10 INC."
"ATELIER 10 INC.",100,"Nouveau Projet"
"CALUMET MÉDIA INC",100,"IMPRIMERIE PONTIAC INC."
"IMPRIMERIE PONTIAC INC.",100,"The Equity"
"Jonathon Stewart","Majoritaire","CALUMET MÉDIA INC"
"LES ÉDITIONS PROTÉGEZ-VOUS",100,"Protégez-Vous"
"Services d'information communautaire de la Vallée de la Châteauguay",100,"The Gleaner"
"3494586 CANADA INC.(Beesum Communications)",100,"The Nation"
"Ernest Webb","Non majoritaire","3494586 CANADA INC.(Beesum Communications)"
"Neil Diamond","Non majoritaire","3494586 CANADA INC.(Beesum Communications)"
"William Nicholls","Non majoritaire","3494586 CANADA INC.(Beesum Communications)"
"COOPÉRATIVE DU COURRIER DE PORTNEUF",100,"Le Courrier de Portneuf"
"JOURNAL LE PLACOTEUX, COOPÉRATIVE DE SOLIDARITÉ",100,"Le Placoteux"
"TVRM - TÉLÉVISION RÉGIONALE DES MOULINS",100,"TVRM"
"George Guzmas","Majoritaire","9506-5363 Quebec Inc."
"George Bakoyannis","Majoritaire","9506-5322 Québec inc."
"Savas Fortis","Majoritaire","9506-5371 Québec inc."
"9506-5363 Quebec Inc.",100,"9030-2944 QUÉBEC INC."
"9506-5322 Québec inc.",100,"9030-2944 QUÉBEC INC."
"9506-5371 Québec inc.",100,"9030-2944 QUÉBEC INC."
"9030-2944 QUÉBEC INC.",100,"The Laval News"
"9030-2944 QUÉBEC INC.",100,"The North Shore News"
"9030-2944 QUÉBEC INC.",100,"Nouvelles Parc-Extension News"
"L'Express Drummondville inc.",100,"L’Express de Drummondville"
"FONDS XPNDCROISSANCE S.E.C.",100,"L’actualité"
"LE DEVOIR INC.",100,"Le Devoir"
"SOCIÉTÉ RADIO-CANADA",100,"Ici Tou.tv"
"JOURNALDESVOISINS.COM",100,"Journal des Voisins"
"JOURNAL CULTUREL GRAFFICI, COOPÉRATIVE DE SOLIDARITÉ",100,"Graffici"
"ÉCHOS MONTRÉAL",100,"Échos Montréal"
"LA GAZETTE DE LA MAURICIE",100,"La Gazette de la Mauricie"
"LE JOURNAL ""SKI SE DIT"" DE VAL-DAVID",100,"Ski se dit"
"ÉDITIONS PRÉVOSTOISES",100,"Journal des citoyens"
"LE JOURNAL REGIONAL DU HAUT ST-FRANCOIS",100,"Le Haut Saint-François"
"EDITIONS COMMUNAUTAIRES DES CHENAUX",100,"Le bulletin des Chenaux"
"EDITIONS COMMUNAUTAIRES DES CHENAUX",100,"Le Bulletin de Mékinac"
"JOURNAL COMMUNAUTAIRE DE DISRAËLI",100,"Le Cantonnier"
"COOPÉRATIVE DE SOLIDARITÉ DU JOURNAL CULTUREL DE L'ABITIBI-TÉMISCAMINGUE",100,"L’Indice Bohémien"
"JOURNAL COMMUNAUTAIRE DE ST-HIPPOLYTE",100,"Le Sentier"
"LE JOURNAL COMMUNAUTAIRE L'INFO DE ST-ÉLIE D'ORFORD",100,"L’Info"
"AUTOUR DE L'ÎLE",100,"Autour de l’île"
"JOURNAL COMMUNAUTAIRE L'ATTISÉE INC.",100,"L’Attisée"
"JOURNAL LE STÉPHANOIS INC.",100,"Le Stéphanois"
"JOURNAL DES VILLES NORDIQUES LE TRAIT D'UNION DU NORD INC.",100,"Le Trait d’union du Nord"
"L'écho de Compton",100,"L'Écho de Compton"
"JOURNAL COMMUNAUTAIRE D'ASCOT CORNER INC.",100,"Aux quatre coins"
"JOURNAL LA VIE D'ICI",100,"La Vie d’ici"
"AU FIL DE LA BOYER",100,"Au fil de La Boyer"
"JOURNAL COMMUNAUTAIRE ""LE PHARE""",100,"Phare (Le), L'autre vision"
"L'ARCHIPEL D'ENTRAIDE",100,"La Quête"
"Journal EPIK de Cacouna",100,"EPIK"
"LE JOURNAL COMMUNAUTAIRE DE ST-TITE-DES-CAPS",100,"Le Montagnard"
"JOURNAL LOCAL LE FÉLIX",100,"Le Félix"
"L'ECHO DE ST-FRANCOIS",100,"L’Écho de Saint-François"
"LE TRIDENT DE WOTTON",100,"Le Trident"
"JOURNAL DE VAL-BRILLANT",100,"Le Pierre-Brillant"
"CORPORATION DU JOURNAL LE REVEIL",100,"Le Réveil de Saint-Fabien-de-Panet"
"MONTBEILLARD EN BREF",100,"Montbeillard en bref"
"""LE CYRI-LIEN"", JOURNAL COMMUNAUTAIRE DE ST-CYRILLE-DE-L'ISLET",100,"Le Cyri-Lien"
"LE P'TIT JOURNAL DE WOBURN",100,"Le P'tit Journal de Woburn"
"COLLECTIF DE COMMUNICATION (ST-ADELME)",100,"L’Éveil (Saint-Adelme)"
"JOURNAL COMMUNAUTAIRE LE REFLET DE LINGWICK-GOULD",100,"Le Reflet du canton de Lingwick"
"LA VOIE DU SECTEUR DES COTEAUX",100,"La Voie du secteur des Coteaux"
"JOURNAL COMMUNAUTAIRE COUP D'OEIL SUR ST-MARCEL DE L'ISLET INC.",100,"Coup d'œil sur Saint-Marcel"
"JOURNAL COMMUMAUTAIRE LE BEAU-REGARD INC.",100,"Le Beau regard"
"Groupe Média Régional Val-Ouest",100,"Le Val-Ouest"
"LES ÉDITIONS DU BERGER BLANC",100,"Le Mouton noir"
"COALITION DE LA PETITE-BOURGOGNE/ QUARTIER EN SANTÉ",100,"Vues sur la Bourgogne"
"COMMUNAUTÉ SÉPHARADE UNIFIÉE DU QUÉBEC",100,"La Voix sépharade"
"ACCUEIL AUX IMMIGRANTS DE L'EST DE MONTRÉAL",100,"Vision croisée"
"Mobiles, Média Communautaire Maskoutain",100,"Journal Mobiles"
"COMMUNICATIONS BASSE-VILLE",100,"Droit de Parole"
"Journal Le Lavalois",100,"Le Lavalois"
"Journal communautaire Regards",100,"Regards"
"La Voix Ferrée Inc.",100,"Entrée libre"
"Journal Communautaire Ici Brompton",100,"Ici Brompton"
"Le Saint-Denisien",100,"Le Saint-Denisien"
"Image de Bury",100,"L’Image de Bury"
"Journal communautaire L'Écho de Cantley",100,"L’Écho de Cantley"
"Journal Le Saint-Armand",100,"Le Saint-Armand"
"Le Papotin Inc.",100,"Le Papotin"
"Journal L’Horizon, presse coopérative des Basques",100,"L’Horizon"
"Le Trait d'Union de St-Bruno Inc.",100,"Le Trait d’union"
"RE-IN-SON",100,"Entre deux lacs"
"Journal communautaire de Matapédia et les Plateaux",100,"Tam Tam"
"Le Causeur",100,"Le Causeur"
"L'ARRIVAGE D'ADSTOCK",100,"L’Arrivage d’Adstock"
"Journal Le Tartan",100,"Le Tartan"
"Les Éditions des Trois Clochers",100,"Le Hublot"
"Ensemble pour bâtir",100,"Ensemble pour bâtir"
"JOURNAL L'ALLIANCE DE PREISSAC",100,"L’Alliance"
"Journal Le Pont de Palmarolle",100,"Le Pont"
"LE REFLET TÉMISCAMIEN INC.",100,"Le Citoyen"
"Le Journal d'Un lac à l'autre Inc.",100,"D’un lac à l’autre"
"Journal Communautaire, Parent",100,"Le Parentois"
"L'ECHO D'EN HAUT INC.",100,"L’Écho d’en haut"
"JOURNAL L'ÉVÈNEMENT SCOTSTOWN-HAMPDEN",100,"L’Événement"
"Association des médias écrits communautaires du Québec","membre","JOURNALDESVOISINS.COM"
"Association des médias écrits communautaires du Québec","membre","JOURNAL CULTUREL GRAFFICI, COOPÉRATIVE DE SOLIDARITÉ"
"Association des médias écrits communautaires du Québec","membre","ÉCHOS MONTRÉAL"
"Association des médias écrits communautaires du Québec","membre","LA GAZETTE DE LA MAURICIE"
"Association des médias écrits communautaires du Québec","membre","LE JOURNAL ""SKI SE DIT"" DE VAL-DAVID"
"Association des médias écrits communautaires du Québec","membre","ÉDITIONS PRÉVOSTOISES"
"Association des médias écrits communautaires du Québec","membre","LE JOURNAL REGIONAL DU HAUT ST-FRANCOIS"
"Association des médias écrits communautaires du Québec","membre","EDITIONS COMMUNAUTAIRES DES CHENAUX"
"Association des médias écrits communautaires du Québec","membre","EDITIONS COMMUNAUTAIRES DES CHENAUX"
"Association des médias écrits communautaires du Québec","membre","JOURNAL COMMUNAUTAIRE DE DISRAËLI"
"Association des médias écrits communautaires du Québec","membre","COOPÉRATIVE DE SOLIDARITÉ DU JOURNAL CULTUREL DE L'ABITIBI-TÉMISCAMINGUE"
"Association des médias écrits communautaires du Québec","membre","JOURNAL COMMUNAUTAIRE DE ST-HIPPOLYTE"
"Association des médias écrits communautaires du Québec","membre","LE JOURNAL COMMUNAUTAIRE L'INFO DE ST-ÉLIE D'ORFORD"
"Association des médias écrits communautaires du Québec","membre","AUTOUR DE L'ÎLE"
"Association des médias écrits communautaires du Québec","membre","JOURNAL COMMUNAUTAIRE L'ATTISÉE INC."
"Association des médias écrits communautaires du Québec","membre","JOURNAL LE STÉPHANOIS INC."
"Association des médias écrits communautaires du Québec","membre","JOURNAL DES VILLES NORDIQUES LE TRAIT D'UNION DU NORD INC."
"Association des médias écrits communautaires du Québec","membre","L'écho de Compton"
"Association des médias écrits communautaires du Québec","membre","JOURNAL COMMUNAUTAIRE D'ASCOT CORNER INC."
"Association des médias écrits communautaires du Québec","membre","JOURNAL LA VIE D'ICI"
"Association des médias écrits communautaires du Québec","membre","AU FIL DE LA BOYER"
"Association des médias écrits communautaires du Québec","membre","JOURNAL COMMUNAUTAIRE ""LE PHARE"""
"Association des médias écrits communautaires du Québec","membre","L'ARCHIPEL D'ENTRAIDE"
"Association des médias écrits communautaires du Québec","membre","Journal EPIK de Cacouna"
"Association des médias écrits communautaires du Québec","membre","LE JOURNAL COMMUNAUTAIRE DE ST-TITE-DES-CAPS"
"Association des médias écrits communautaires du Québec","membre","JOURNAL LOCAL LE FÉLIX"
"Association des médias écrits communautaires du Québec","membre","L'ECHO DE ST-FRANCOIS"
"Association des médias écrits communautaires du Québec","membre","LE TRIDENT DE WOTTON"
"Association des médias écrits communautaires du Québec","membre","JOURNAL DE VAL-BRILLANT"
"Association des médias écrits communautaires du Québec","membre","CORPORATION DU JOURNAL LE REVEIL"
"Association des médias écrits communautaires du Québec","membre","MONTBEILLARD EN BREF"
"Association des médias écrits communautaires du Québec","membre","""LE CYRI-LIEN"", JOURNAL COMMUNAUTAIRE DE ST-CYRILLE-DE-L'ISLET"
"Association des médias écrits communautaires du Québec","membre","LE P'TIT JOURNAL DE WOBURN"
"Association des médias écrits communautaires du Québec","membre","COLLECTIF DE COMMUNICATION (ST-ADELME)"
"Association des médias écrits communautaires du Québec","membre","JOURNAL COMMUNAUTAIRE LE REFLET DE LINGWICK-GOULD"
"Association des médias écrits communautaires du Québec","membre","LA VOIE DU SECTEUR DES COTEAUX"
"Association des médias écrits communautaires du Québec","membre","JOURNAL COMMUNAUTAIRE COUP D'OEIL SUR ST-MARCEL DE L'ISLET INC."
"Association des médias écrits communautaires du Québec","membre","JOURNAL COMMUMAUTAIRE LE BEAU-REGARD INC."
"Association des médias écrits communautaires du Québec","membre","Groupe Média Régional Val-Ouest"
"Association des médias écrits communautaires du Québec","membre","LES ÉDITIONS DU BERGER BLANC"
"Association des médias écrits communautaires du Québec","membre","COALITION DE LA PETITE-BOURGOGNE/ QUARTIER EN SANTÉ"
"Association des médias écrits communautaires du Québec","membre","COMMUNAUTÉ SÉPHARADE UNIFIÉE DU QUÉBEC"
"Association des médias écrits communautaires du Québec","membre","ACCUEIL AUX IMMIGRANTS DE L'EST DE MONTRÉAL"
"Association des médias écrits communautaires du Québec","membre","Mobiles, Média Communautaire Maskoutain"
"Association des médias écrits communautaires du Québec","membre","COMMUNICATIONS BASSE-VILLE"
"Association des médias écrits communautaires du Québec","membre","Journal Le Lavalois"
"Association des médias écrits communautaires du Québec","membre","Journal communautaire Regards"
"Association des médias écrits communautaires du Québec","membre","La Voix Ferrée Inc."
"Association des médias écrits communautaires du Québec","membre","Journal Communautaire Ici Brompton"
"Association des médias écrits communautaires du Québec","membre","Le Saint-Denisien"
"Association des médias écrits communautaires du Québec","membre","Image de Bury"
"Association des médias écrits communautaires du Québec","membre","Journal communautaire L'Écho de Cantley"
"Association des médias écrits communautaires du Québec","membre","Journal Le Saint-Armand"
"Association des médias écrits communautaires du Québec","membre","Le Papotin Inc."
"Association des médias écrits communautaires du Québec","membre","Journal L’Horizon, presse coopérative des Basques"
"Association des médias écrits communautaires du Québec","membre","Le Trait d'Union de St-Bruno Inc."
"Association des médias écrits communautaires du Québec","membre","RE-IN-SON"
"Association des médias écrits communautaires du Québec","membre","Journal communautaire de Matapédia et les Plateaux"
"Association des médias écrits communautaires du Québec","membre","Le Causeur"
"Association des médias écrits communautaires du Québec","membre","L'ARRIVAGE D'ADSTOCK"
"Association des médias écrits communautaires du Québec","membre","Journal Le Tartan"
"Association des médias écrits communautaires du Québec","membre","Les Éditions des Trois Clochers"
"Association des médias écrits communautaires du Québec","membre","Ensemble pour bâtir"
"Association des médias écrits communautaires du Québec","membre","JOURNAL L'ALLIANCE DE PREISSAC"
"Association des médias écrits communautaires du Québec","membre","Journal Le Pont de Palmarolle"
"Association des médias écrits communautaires du Québec","membre","LE REFLET TÉMISCAMIEN INC."
"Association des médias écrits communautaires du Québec","membre","Le Journal d'Un lac à l'autre Inc."
"Association des médias écrits communautaires du Québec","membre","Journal Communautaire, Parent"
"Association des médias écrits communautaires du Québec","membre","L'ECHO D'EN HAUT INC."
"Association des médias écrits communautaires du Québec","membre","JOURNAL L'ÉVÈNEMENT SCOTSTOWN-HAMPDEN"
"RADIO BORÉALE",100,"CHOW-FM (Abitibi)"
"RADIO COMMUNAUTAIRE M.F. DE SENNETERRE INC.",100,"CIBO-FM (Senneterre)"
"LA RADIO COMMUNAUTAIRE DU COMTÉ",100,"CKMN-FM (Rimouski)"
"RADIO MF CHARLEVOIX",100,"CIHO-FM (Charlevoix)"
"RADIO BASSE VILLE",100,"CKIA-FM (Québec)"
"CKRL - MF 89,1 INC.",100,"CKRL-FM (Québec)"
"COOPÉRATIVE DE SOLIDARITÉ RADIO COMMUNAUTAIRE NICOLET-YAMASKA/ BÉCANCOUR",100,"CKBN-FM (Bécancour)"
"RADIO BELLECHASSE-ETCHEMINS",100,"CFIN-FM (Lac-Etchemin)"
"RADIO COMMUNAUTAIRE DE LÉVIS",100,"CJMD-FM (Lévis)"
"RADIO BLANC-SABLON INC.",100,"CFBS-FM (Blanc-Sablon)"
"LA RADIO COMMUNAUTAIRE DE FERMONT INC.",100,"CFMF-FM (Fermont)"
"RADIO & TELEVISION COMMUNAUTAIRE HAVRE ST-PIERRE",100,"CILE-FM (Havre-Saint-Pierre)"
"RADIO ANTICOSTI",100,"CJBE-FM (Anticosti)"
"RADIO COMMUNAUTAIRE TÊTE-À-LA-BALEINE",100,"CJTB-FM (Tête-à-la-Baleine)"
"LA RADIO COMMUNAUTAIRE CKNA INC.",100,"CKNA-FM (Natashquan)"
"RADIO COMMUNAUTAIRE DE L'ESTRIE",100,"CFLX-FM (Sherbrooke)"
"RADIO COOPÉRATIVE DE COATICOOK, COOP DE SOLIDARITÉ",100,"CIGN-FM (Coaticook)"
"RADIO BISHOP INC.",100,"CJMQ-FM (Sherbooke)"
"DIFFUSION COMMUNAUTAIRE DES ÎLES INC.",100,"CFIM-FM (Les-Îles-de-la-Madeleine)"
"DIFFUSION COMMUNAUTAIRE BAIE DES CHALEURS INC.",100,"CIEU-FM (Carleton-sur-Mer)"
"RADIO GASPESIE INC.",100,"CJRG-FM (Gaspé)"
"RADIO NORD-JOLI INC.",100,"CFNJ-FM (Joliette)"
"COOP DE SOLIDARITÉ RADIO COMMUNAUTAIRE DE LA MRC DE MASKINONGÉ",50,"Country Pop"
"Country Pop",100,"CHHO-FM (CountryPop 103,1 Louiseville)"
"Radio Shawinigan Inc.",50,"Country Pop"
"Country Pop",100,"CFUT-FM (CountryPop 92,9 Shawinigan)"
"RADIO COMMUNAUTAIRE DE LA RIVE-SUD INC.",100,"CHAA-FM (Longueuil)"
"RADIO COMMUNAUTAIRE DE CHÂTEAUGUAY CHAI-MF",100,"CHAI-FM (Châteauguay)"
"RADIO-ACTON INC.",100,"CFID-FM (Acton Vale)"
"RADIO COMMUNAUTAIRE FRANCOPHONE DE MONTRÉAL INC.",100,"CIBL-FM (Montréal)"
"RADIO CENTRE-VILLE SAINT-LOUIS",100,"CINQ-FM (Montréal)"
"LA RADIO COMMUNAUTAIRE DE LASALLE",100,"CKVL-FM (Montréal)"
"RADIO MATAGAMI",100,"CHEF-FM (Matagami)"
"RADIO COMMUNAUTAIRE DE RADISSON",100,"CIAU-FM (Radisson)"
"Le son du 49e",100,"CKCJ-FM (Lebel-sur-Quévillon)"
"RADIO COMMUNAUTAIRE F.M. DE LA HAUTE-GATINEAU INC.",100,"CHGA-FM (Maniwaki)"
"RADIO COMMUNAUTAIRE DE PONTIAC",100,"CHIP-FM (Fort-Coulonge)"
"RADIO COMMUNAUTAIRE DU SAGUENAY INC.",100,"CKAJ-FM (Saguenay)"
"Association des radios communautaires du Québec","membre","RADIO BORÉALE"
"Association des radios communautaires du Québec","membre","RADIO COMMUNAUTAIRE M.F. DE SENNETERRE INC."
"Association des radios communautaires du Québec","membre","LA RADIO COMMUNAUTAIRE DU COMTÉ"
"Association des radios communautaires du Québec","membre","RADIO MF CHARLEVOIX"
"Association des radios communautaires du Québec","membre","RADIO BASSE VILLE"
"Association des radios communautaires du Québec","membre","CKRL - MF 89,1 INC."
"Association des radios communautaires du Québec","membre","COOPÉRATIVE DE SOLIDARITÉ RADIO COMMUNAUTAIRE NICOLET-YAMASKA/ BÉCANCOUR"
"Association des radios communautaires du Québec","membre","RADIO BELLECHASSE-ETCHEMINS"
"Association des radios communautaires du Québec","membre","RADIO COMMUNAUTAIRE DE LÉVIS"
"Association des radios communautaires du Québec","membre","RADIO BLANC-SABLON INC."
"Association des radios communautaires du Québec","membre","LA RADIO COMMUNAUTAIRE DE FERMONT INC."
"Association des radios communautaires du Québec","membre","RADIO & TELEVISION COMMUNAUTAIRE HAVRE ST-PIERRE"
"Association des radios communautaires du Québec","membre","RADIO ANTICOSTI"
"Association des radios communautaires du Québec","membre","RADIO COMMUNAUTAIRE TÊTE-À-LA-BALEINE"
"Association des radios communautaires du Québec","membre","LA RADIO COMMUNAUTAIRE CKNA INC."
"Association des radios communautaires du Québec","membre","RADIO COMMUNAUTAIRE DE L'ESTRIE"
"Association des radios communautaires du Québec","membre","RADIO COOPÉRATIVE DE COATICOOK, COOP DE SOLIDARITÉ"
"Association des radios communautaires du Québec","membre","RADIO BISHOP INC."
"Association des radios communautaires du Québec","membre","DIFFUSION COMMUNAUTAIRE DES ÎLES INC."
"Association des radios communautaires du Québec","membre","DIFFUSION COMMUNAUTAIRE BAIE DES CHALEURS INC."
"Association des radios communautaires du Québec","membre","RADIO GASPESIE INC."
"Association des radios communautaires du Québec","membre","RADIO NORD-JOLI INC."
"Association des radios communautaires du Québec","membre","COOP DE SOLIDARITÉ RADIO COMMUNAUTAIRE DE LA MRC DE MASKINONGÉ"
"Association des radios communautaires du Québec","membre","Radio Shawinigan Inc."
"Association des radios communautaires du Québec","membre","RADIO COMMUNAUTAIRE DE LA RIVE-SUD INC."
"Association des radios communautaires du Québec","membre","RADIO COMMUNAUTAIRE DE CHÂTEAUGUAY CHAI-MF"
"Association des radios communautaires du Québec","membre","RADIO-ACTON INC."
"Association des radios communautaires du Québec","membre","RADIO COMMUNAUTAIRE FRANCOPHONE DE MONTRÉAL INC."
"Association des radios communautaires du Québec","membre","RADIO CENTRE-VILLE SAINT-LOUIS"
"Association des radios communautaires du Québec","membre","LA RADIO COMMUNAUTAIRE DE LASALLE"
"Association des radios communautaires du Québec","membre","RADIO MATAGAMI"
"Association des radios communautaires du Québec","membre","RADIO COMMUNAUTAIRE DE RADISSON"
"Association des radios communautaires du Québec","membre","Le son du 49e"
"Association des radios communautaires du Québec","membre","RADIO COMMUNAUTAIRE F.M. DE LA HAUTE-GATINEAU INC."
"Association des radios communautaires du Québec","membre","RADIO COMMUNAUTAIRE DE PONTIAC"
"Association des radios communautaires du Québec","membre","RADIO COMMUNAUTAIRE DU SAGUENAY INC."
"TÉLÉVISION COMMUNAUTAIRE DU KAMOURASKA INCORPORÉE",100,"TVCK"
"DIFFUSION COMMUNAUTAIRE DE LA MITIS INC.",100,"TV Mitis"
"TELEVISION COMMUNAUTAIRE DE LA VALLEE DE LA MATAPEDIA INC.",100,"TVCMatapédia"
"Télévision Communautaire des Basques et du Haut-Pays",100,"tcbh"
"LA TELEVISION COMMUNAUTAIRE DE ST-RAYMOND, INC.",100,"CJSR La TCA Portneuvoise"
"LA TELEVISION D'ICI (CÔTE-DE-BEAUPRÉ)",100,"La Télévision d'ici"
"TÉLÉVISION DE CHARLEVOIX-OUEST (TVCO)",100,"TVCO"
"TÉLÉVISION COMMUNAUTAIRE VENTS ET MARÉES",100,"TVC-VM"
"MULTIMÉDIAS RÉGION PORTNEUF",100,"clicportneuf.tv"
"TÉLÉVISION COMMUNAUTAIRE DES BOIS-FRANCS",100,"TVCBF"
"TÉLÉVISION COMMUNAUTAIRE DE L'ÉRABLE",100,"TVCE"
"Télé-Coeur",100,"Télé-Coeur"
"Télévision communautaire de la région des Appalaches",100,"TVCRA"
"CÂBLE COMMUNAUTAIRE DE BEAUCE INC.",100,"Télévision communautaire Beauceville"
"Etchemins Télé",100,"Etchemins Télé"
"TÉLÉVISION RÉGIONALE HAUTE CÔTE-NORD",100,"TVR-7"
"LA TÉLÉVISION DU LITTORAL INC.",100,"TVL"
"TÉLÉVISION RÉGIONALE DE LA PÉSINSULE INC.",100,"TVR de la Péninsule"
"TELEVISION COMMUNAUTAIRE 3 INC.",100,"Télévag"
"La télé du Rocher-Percé",100,"TVRP"
"TÉLÉ-SOLEIL INC.",100,"Télé-Soleil"
"TÉLÉ-GASPÉ",100,"Télé-Gaspé"
"LA CORPORATION DE TÉLÉDIFFUSION BRANDON INC.",100,"CTB-TV"
"CORPORATION DE TÉLÉDIFFUSION RÉGIONALE DE BERTHIER INC.",100,"CTRB"
"TVRM - TÉLÉVISION RÉGIONALE DES MOULINS",100,"TRVM"
"TÉLÉCOMMUNAUTAIRE LAURENTIDES - LANAUDIÈRE",100,"TVCL"
"TVC D'ARGENTEUIL",100,"TVC d’Argenteuil"
"TÉLÉVISION COMMUNAUTAIRE DES BASSES-LAURENTIDES",100,"TVBL"
"TÉLÉVISION RÉGIONALE DE LAVAL INC.",100,"TVLaval"
"Maskinongé Média",100,"Maskinongé Média"
"TÉLÉVISION RIVE-SUD",100,"TVRS"
"Télévision du Sud-Ouest",100,"TVSO"
"TELEVISION COMMUNAUTAIRE DE LA VALLEE DU RICHELIEU (T.C.V.R.) INC.",100,"TCVR"
"TÉLÉVISION COMMUNAUTAIRE DU HAUT-RICHELIEU 1981 LTÉE",100,"TVHR 9"
"LA TELEVISION COMMUNAUTAIRE DE WATERLOO",100,"TVCW"
"COOPÉRATIVE DE SOLIDARITÉ CSUR LA TÉLÉ",100,"CSUR la télé"
"TÉLÉVISION COMMUNAUTAIRE FRONTENAC",100,"TCFtv"
"TÉLÉVISION COMMUNAUTAIRE DE LA BASSE-LIÈVRE INC.",100,"TVC Basse-Lièvre"
"SOCIÉTÉ D'INFORMATION LAC-ST-JEAN",100,"Télé Haut-du-Lac"
"LA TELEVISION COMMUNAUTAIRE DE ROBERVAL INC.",100,"nousTV Roberval"
"TÉLÉ COMMUNAUTAIRE D'AMOS RÉGION",100,"MédiAT"
"Fédération des télévisions communautaires autonomes du Québec","membre","TÉLÉVISION COMMUNAUTAIRE DU KAMOURASKA INCORPORÉE"
"Fédération des télévisions communautaires autonomes du Québec","membre","DIFFUSION COMMUNAUTAIRE DE LA MITIS INC."
"Fédération des télévisions communautaires autonomes du Québec","membre","TELEVISION COMMUNAUTAIRE DE LA VALLEE DE LA MATAPEDIA INC."
"Fédération des télévisions communautaires autonomes du Québec","membre","Télévision Communautaire des Basques et du Haut-Pays"
"Fédération des télévisions communautaires autonomes du Québec","membre","LA TELEVISION COMMUNAUTAIRE DE ST-RAYMOND, INC."
"Fédération des télévisions communautaires autonomes du Québec","membre","LA TELEVISION D'ICI (CÔTE-DE-BEAUPRÉ)"
"Fédération des télévisions communautaires autonomes du Québec","membre","TÉLÉVISION DE CHARLEVOIX-OUEST (TVCO)"
"Fédération des télévisions communautaires autonomes du Québec","membre","TÉLÉVISION COMMUNAUTAIRE VENTS ET MARÉES"
"Fédération des télévisions communautaires autonomes du Québec","membre","MULTIMÉDIAS RÉGION PORTNEUF"
"Fédération des télévisions communautaires autonomes du Québec","membre","TÉLÉVISION COMMUNAUTAIRE DES BOIS-FRANCS"
"Fédération des télévisions communautaires autonomes du Québec","membre","TÉLÉVISION COMMUNAUTAIRE DE L'ÉRABLE"
"Fédération des télévisions communautaires autonomes du Québec","membre","Télé-Coeur"
"Fédération des télévisions communautaires autonomes du Québec","membre","Télévision communautaire de la région des Appalaches"
"Fédération des télévisions communautaires autonomes du Québec","membre","CÂBLE COMMUNAUTAIRE DE BEAUCE INC."
"Fédération des télévisions communautaires autonomes du Québec","membre","Etchemins Télé"
"Fédération des télévisions communautaires autonomes du Québec","membre","TÉLÉVISION RÉGIONALE HAUTE CÔTE-NORD"
"Fédération des télévisions communautaires autonomes du Québec","membre","LA TÉLÉVISION DU LITTORAL INC."
"Fédération des télévisions communautaires autonomes du Québec","membre","TÉLÉVISION RÉGIONALE DE LA PÉSINSULE INC."
"Fédération des télévisions communautaires autonomes du Québec","membre","TELEVISION COMMUNAUTAIRE 3 INC."
"Fédération des télévisions communautaires autonomes du Québec","membre","La télé du Rocher-Percé"
"Fédération des télévisions communautaires autonomes du Québec","membre","TÉLÉ-SOLEIL INC."
"Fédération des télévisions communautaires autonomes du Québec","membre","TÉLÉ-GASPÉ"
"Fédération des télévisions communautaires autonomes du Québec","membre","LA CORPORATION DE TÉLÉDIFFUSION BRANDON INC."
"Fédération des télévisions communautaires autonomes du Québec","membre","CORPORATION DE TÉLÉDIFFUSION RÉGIONALE DE BERTHIER INC."
"Fédération des télévisions communautaires autonomes du Québec","membre","TVRM - TÉLÉVISION RÉGIONALE DES MOULINS"
"Fédération des télévisions communautaires autonomes du Québec","membre","TÉLÉCOMMUNAUTAIRE LAURENTIDES - LANAUDIÈRE"
"Fédération des télévisions communautaires autonomes du Québec","membre","TVC D'ARGENTEUIL"
"Fédération des télévisions communautaires autonomes du Québec","membre","TÉLÉVISION COMMUNAUTAIRE DES BASSES-LAURENTIDES"
"Fédération des télévisions communautaires autonomes du Québec","membre","TÉLÉVISION RÉGIONALE DE LAVAL INC."
"Fédération des télévisions communautaires autonomes du Québec","membre","Maskinongé Média"
"Fédération des télévisions communautaires autonomes du Québec","membre","TÉLÉVISION RIVE-SUD"
"Fédération des télévisions communautaires autonomes du Québec","membre","Télévision du Sud-Ouest"
"Fédération des télévisions communautaires autonomes du Québec","membre","TELEVISION COMMUNAUTAIRE DE LA VALLEE DU RICHELIEU (T.C.V.R.) INC."
"Fédération des télévisions communautaires autonomes du Québec","membre","TÉLÉVISION COMMUNAUTAIRE DU HAUT-RICHELIEU 1981 LTÉE"
"Fédération des télévisions communautaires autonomes du Québec","membre","LA TELEVISION COMMUNAUTAIRE DE WATERLOO"
"Fédération des télévisions communautaires autonomes du Québec","membre","COOPÉRATIVE DE SOLIDARITÉ CSUR LA TÉLÉ"
"Fédération des télévisions communautaires autonomes du Québec","membre","TÉLÉVISION COMMUNAUTAIRE FRONTENAC"
"Fédération des télévisions communautaires autonomes du Québec","membre","TÉLÉVISION COMMUNAUTAIRE DE LA BASSE-LIÈVRE INC."
"Fédération des télévisions communautaires autonomes du Québec","membre","SOCIÉTÉ D'INFORMATION LAC-ST-JEAN"
"Fédération des télévisions communautaires autonomes du Québec","membre","LA TELEVISION COMMUNAUTAIRE DE ROBERVAL INC."
"Fédération des télévisions communautaires autonomes du Québec","membre","TÉLÉ COMMUNAUTAIRE D'AMOS RÉGION"
"SOCIÉTÉ DE COMMUNICATION ATIKAMEKW-MONTAGNAIS","membre","Wendat FM - CIHW 100.3 FM"
"SOCIÉTÉ DE COMMUNICATION ATIKAMEKW-MONTAGNAIS","membre","CRKA 106,9FM (Matimekush – Shefferville)"
"SOCIÉTÉ DE COMMUNICATION ATIKAMEKW-MONTAGNAIS","membre","CIBE 89,9FM (Pakua Shipi – St-Augustin)"
"SOCIÉTÉ DE COMMUNICATION ATIKAMEKW-MONTAGNAIS","membre","CFLR 89,9FM (Unamun-Shipu - La Romaine)"
"SOCIÉTÉ DE COMMUNICATION ATIKAMEKW-MONTAGNAIS","membre","CFNQ 89,9FM (Nutashkuan - Natashquan)"
"SOCIÉTÉ DE COMMUNICATION ATIKAMEKW-MONTAGNAIS","membre","CKKE 89,9FM (Ekuanitshit - Mingan)"
"SOCIÉTÉ DE COMMUNICATION ATIKAMEKW-MONTAGNAIS","membre","CKAU 104,FM (Uashat mak Mani-Utenam)"
"SOCIÉTÉ DE COMMUNICATION ATIKAMEKW-MONTAGNAIS","membre","CIMB 95,1FM (Pessamit - Betsiamites)"
"SOCIÉTÉ DE COMMUNICATION ATIKAMEKW-MONTAGNAIS","membre","CHME 94,9FM (Essipit - Les Escoumins)"
"SOCIÉTÉ DE COMMUNICATION ATIKAMEKW-MONTAGNAIS","membre","CHUK 107,3FM (Mashteuiatsh - Pointe-Bleue)"
"SOCIÉTÉ DE COMMUNICATION ATIKAMEKW-MONTAGNAIS","membre","CITK 89,9 FM (Opitciwan - Obedjiwan)"
"SOCIÉTÉ DE COMMUNICATION ATIKAMEKW-MONTAGNAIS","membre","RCWK 89,9 FM (Wemotaci - Weymontachie)"
"SOCIÉTÉ DE COMMUNICATION ATIKAMEKW-MONTAGNAIS","membre","CHMK 93,1 FM (Manawan)"
"LA PRESSE INC.",100,"La Presse"
"La Converse (OSBL)",100,"La Converse"
"COOPERATIVE DU JOURNAL L'OIE BLANCHE",100,"L’Oie Blanche"
"RADIO CKUT",100,"CKUT-FM (Radio McGill)"
"COMITÉ DE LA RADIO ÉTUDIANTE UNIVERSITAIRE DE SHERBROOKE (CREUS)",100,"CFAK-FM"
"9057-3023 QUÉBEC INC.",100,"Il Cittadino Canadese"
"RADIO BEAUCE INC.",100,"9022-6242 QUÉBEC INC."
"9022-6242 QUÉBEC INC.",100,"CHLC-FR (Baie Comeau)"
"RADIO BEAUCE INC.",100,"CHJM-FM (Saint-Georges)"
"RADIO BEAUCE INC.",100,"CKRB-FM (Saint-Georges)"
"CIBM-FM MONT-BLEU LTÉE","7,23","RADIO BEAUCE INC."
"CIBM-FM MONT-BLEU LTÉE",100,"CHOX-FM (La Pocatière)"
"CIBM-FM MONT-BLEU LTÉE",100,"CIBM-FM (Rivière-du-Loup)"
"RADIO CJFP (1986) LTÉE","8,43","RADIO BEAUCE INC."
"Guy Simard","84,34","RADIO BEAUCE INC."
"Guy Simard","32,05","CIBM-FM MONT-BLEU LTÉE"
"RADIO CJFP (1986) LTÉE","67,95","CIBM-FM MONT-BLEU LTÉE"
"CIBM-FM MONT-BLEU LTÉE","4,71","RADIO CJFP (1986) LTÉE"
"CIBM-FM MONT-BLEU LTÉE","8,33","Radio Bas-St-Laurent inc."
"RADIO CJFP (1986) LTÉE","3,57","Radio Bas-St-Laurent inc."
"RADIO CJFP (1986) LTÉE",100,"CIEL-FM (Rivière-du-Loup)"
"RADIO CJFP (1986) LTÉE",100,"CIEL-FM-4 (Trois-Pistoles)"
"Radio Bas-St-Laurent inc.",100,"CFYX-FM (Rimouski)"
"RADIO CJFP (1986) LTÉE","13,68","RADIO MONTMAGNY INC."
"RADIO MONTMAGNY INC.",100,"CIQI-FM (Montmagny)"
"Autres actionnaires","8,42","RADIO MONTMAGNY INC."
"Guy Simard","77,9","RADIO MONTMAGNY INC."
"Guy Simard","95,29","RADIO CJFP (1986) LTÉE"
"Guy Simard","88,1","Radio Bas-St-Laurent inc."
"COMMUNICATION DU VERSANT NORD (CISM FM) INC.",100,"CISM-FM"
"LE RÉSEAU DE TÉLÉVISION DES PEUPLES AUTOCHTONES",100,"APTN-TV"
"SOCIÉTÉ CRIE DES COMMUNICATIONS DE LA BAIE JAMES","membre","Wemindji Telecommunication Association"
"LE RÉSEAU DE TÉLÉVISION DES PEUPLES AUTOCHTONES",100,"CHIU-FM (Mistissini)"
"Wemindji Telecommunication Association",100,"CHPH-FM (Wemindji)"
"Chisasibi Telecommunications Association",100,"CHFG-FM (Chisasibi)"
"SOCIÉTÉ CRIE DES COMMUNICATIONS DE LA BAIE JAMES","membre","Chisasibi Telecommunications Association"
"SOCIÉTÉ CRIE DES COMMUNICATIONS DE LA BAIE JAMES",100,"CJEQ-FM (Eastmain)"
"Cree Nation of Nemaska",100,"CFNM-FM (Nemaska)"
"SOCIÉTÉ CRIE DES COMMUNICATIONS DE LA BAIE JAMES",100,"CKOJ-FM (Oujé-Bougoumou)"
"WASKAGANISH SÎBÎ AYIMUWEYÂBÎ INC.",100,"CJRH-FM (Waskaganish)"
"SOCIÉTÉ CRIE DES COMMUNICATIONS DE LA BAIE JAMES","membre","WASKAGANISH SÎBÎ AYIMUWEYÂBÎ INC."
"ASSOCIATION DE COMMUNICATIONS DE WASWANIPI",100,"CFNE-FM (Waswanipi)"
"SOCIÉTÉ CRIE DES COMMUNICATIONS DE LA BAIE JAMES","membre","ASSOCIATION DE COMMUNICATIONS DE WASWANIPI"
"SOCIÉTÉ CRIE DES COMMUNICATIONS DE LA BAIE JAMES","membre","ASSOCIATION DE TELECOMMUNICATIONS DE WHAPMAGOOSTUI AEYOUCH"
"ASSOCIATION DE TELECOMMUNICATIONS DE WHAPMAGOOSTUI AEYOUCH",100,"CKRQ-FM (Whapmagoostui)"
"Revue l'Esprit libre",100,"L’Esprit libre"
"COOPÉRATIVE DES TRAVAILLEURS CHNC",100,"CHNC-FM (New Carlisle)"
"9238476 Canada Inc.",100,"CKOD-FM (Salaberry-de-Valleyfield)"
"Todd Bernard","9,48","9238476 Canada Inc."
"Edward Torres","45,26","9238476 Canada Inc."
"Francisco Torres","45,26","9238476 Canada Inc."
"Todd Bernard",12,"Torres Media Ottawa Inc."
"Edward Torres",44,"Torres Media Ottawa Inc."
"Francisco Torres",44,"Torres Media Ottawa Inc."
"Torres Media Ottawa Inc.",100,"CIDG-FM (Ottawa-Gatineau)"
"COOPÉRATIVE DE TRAVAIL DE LA RADIO DE GRANBY",100,"CFXM-FM (M105 Granby)"
"SONÈME (2007) INC.",100,"CFLO-FM (Mont-Laurier)"
"COOPÉRATIVE RADIO WEB MÉDIA DES SOURCES",100,"CJAN-FM (Val-des-Sources)"
"JOURNAL ""LE COLLECTIF""",100,"Le Collectif"
"Invention Media corp.",100,"InfoBref"
"Patrick Pierra","Majoritaire","Invention Media corp."
"SOCIETE KUUJJUAMIUT INC.",100,"CKUJ-FM (Kuujjuaq)"
